{"cameraMode":{"drawMode":0,"name":"Shaded","section":"Shading Mode"},"sceneLighting":true,"audioPlay":false,"sceneViewState":{"showFog":true,"showMaterialUpdate":false,"showSkybox":true,"showFlares":true,"showImageEffects":true,"showParticleSystems":true},"in2DMode":false,"pivot":{"x":496.1170654296875,"y":156.66676330566407,"z":402.3270263671875},"rotation":{"x":0.15586061775684358,"y":-0.223916694521904,"z":0.0367337130010128,"w":0.9614618420600891},"size":625.4893798828125,"orthographic":false}